<?xml version="1.0" encoding="UTF-8"?>
<!-- This file was auto-generated from WSDL -->
<!-- by the Apache Axis2 version: 1.3  Built on : Aug 10, 2007 (04:45:47 LKT) -->
<serviceGroup>
    <service name="JosekiQueryService">
        <messageReceivers>
            <messageReceiver mep="http://www.w3.org/ns/wsdl/in-out" class="org.w3.www._2005._08.sparql_protocol_query.JosekiQueryServiceMessageReceiverInOut"/>
        </messageReceivers>
        <parameter name="ServiceClass">org.w3.www._2005._08.sparql_protocol_query.JosekiQueryServiceSkeleton</parameter>
        <parameter name="useOriginalwsdl">true</parameter>
        <parameter name="modifyUserWSDLPortAddress">true</parameter>
        <operation name="query" mep="http://www.w3.org/ns/wsdl/in-out">
            <actionMapping>\"\"</actionMapping>
            <outputActionMapping>urn:queryResponse</outputActionMapping>
            <faultActionMapping faultName="QueryRequestRefused">urn:queryQueryRequestRefused</faultActionMapping>
            <faultActionMapping faultName="MalformedQuery">urn:queryMalformedQuery</faultActionMapping>
        </operation>
    </service>
</serviceGroup>
